parent,child
R01,A100100
R01,A100200
R01,A100300
R01,A100400
R01,A100500
R01,A100600
R01,A100700
R01,A100800
R01,A100900
R01,A101000
R01,A101100
R01,A101200
R01,A101300
R01,A101400
R01,A101500
R01,A101600
R01,A101700
R01,A101800
R01,A101900
R01,A102000
R01,A102100
R01,A102200
R01,A102300
R01,A102400
R01,A102500
R01,A102600
R01,A102700
R01,A102800
R01,A102900
R01,A103000
R01,A103100
R01,A103200
R01,A103300
R01,A103400
R01,A103500
R01,A103600
R01,A103700
R01,A103800
R01,A103900
R01,A104000
R01,A104100
R01,A104200
R01,A104300
R01,A104400
R01,A104500
R01,A104600
R01,A104700
R01,A104800
R01,A104900
R01,A105000
R01,A105100
R01,A105200
R01,A105300
R01,A105400
R01,A105500
R01,A105600
R01,A105700
R01,A105800
R01,A105900
R01,A106000
R01,A106100
R01,A106200
R01,A106300
R01,A106400
R01,A106500
R01,A106600
R01,A106700
R01,A106800
R01,A106900
R01,A107000
R01,A107100
R01,A107200
R01,A107300
R01,A107400
R01,A107500
R01,A107600
R01,A107700
R01,A107800
R01,A107900
R01,A108000
R01,A108100
R01,A108200
R01,A108300
R01,A108400
R01,A108500
R01,A108600
R01,A108700
R01,A108800
R01,A108900
R01,A109000
R01,A109100
R01,A109200
R01,A109300
R01,A109400
R01,A109500
R01,A109600
R01,A109700
R01,A109800
R01,A109900
R01,A110000
R01,A110100
R02,A110200
R02,A110300
R02,A110400
R02,A110500
R02,A110600
R02,A110700
R02,A110800
R02,A110900
R02,A111000
R02,A111100
R02,A111200
R02,A111300
R02,A111400
R02,A111500
R02,A111600
R02,A111700
R02,A111800
R02,A111900
R02,A112000
R02,A112100
R02,A112200
R02,A112300
R02,A112400
R02,A112500
R02,A112600
R02,A112700
R02,A112800
R02,A112900
R02,A113000
R02,A113100
R02,A113200
R02,A113300
R02,A113400
R02,A113500
R02,A113600
R02,A113700
R02,A113800
R02,A113900
R02,A114000
R02,A114100
R02,A114200
R02,A114300
R02,A114400
R02,A114500
R02,A114600
R02,A114700
R02,A114800
R02,A114900
R02,A115000
R02,A115100
R02,A115200
R02,A115300
R02,A115400
R02,A115500
R02,A115600
R02,A115700
R02,A115800
R02,A115900
R02,A116000
R02,A116100
R02,A116200
R02,A116300
R02,A116400
R02,A116500
R02,A116600
R02,A116700
R02,A116800
R02,A116900
R02,A117000
R02,A117100
R02,A117200
R02,A117300
R02,A117400
R02,A117500
R02,A117600
R02,A117700
R02,A117800
R02,A117900
R02,A118000
R02,A118100
R02,A118200
R02,A118300
R02,A118400
R02,A118500
R02,A118600
R02,A118700
R02,A118800
R02,A118900
R02,A119000
R02,A119100
R02,A119200
R02,A119300
R02,A119400
R02,A119500
R02,A119600
R02,A119700
R02,A119800
R02,A119900
R02,A120000
R02,A120100
R02,A120200
R02,A120300
R02,A120400
R02,A120500
R02,A120600
R02,A120700
R02,A120800
R02,A120900
R02,A121000
R02,A121100
R02,A121200
R02,A121300
R02,A121400
R02,A121500
R02,A121600
R02,A121700
R02,A121800
R02,A121900
R02,A122000
R02,A122100
R02,A122200
R02,A122300
R02,A122400
R02,A122500
R02,A122600
R02,A122700
R02,A122800
R02,A122900
R02,A123000
R02,A123100
R02,A123200
R02,A123300
R02,A123400
R02,A123500
R02,A123600
R02,A123700
R02,A123800
R02,A123900
R02,A124000
R02,A124100
R02,A124200
R02,A124300
R02,A124400
R02,A124500
R02,A124600
R02,A124700
R02,A124800
R02,A124900
R02,A125000
R02,A125100
R02,A125200
R02,A125300
R02,A125400
R02,A125500
R02,A125600
R02,A125700
R02,A125800
R02,A125900
R02,A126000
R02,A126100
R02,A126200
R02,A126300
R02,A126400
R02,A126500
R02,A126600
R02,A126700
R02,A126800
R02,A126900
R02,A127000
R02,A127100
R02,A127200
R02,A127300
R02,A127400
R02,A127500
R02,A127600
R02,A127700
R02,A127800
R02,A127900
R02,A128000
R02,A128100
R02,A128200
R02,A128300
R02,A128400
R02,A128500
R02,A128600
R02,A128700
R02,A128800
R02,A128900
R02,A129000
R02,A129100
R02,A129200
R02,A129300
R02,A129400
R02,A129500
R02,A129600
R02,A129700
R02,A129800
R02,A129900
R02,A130000
R02,A130100
R02,A130200
R02,A130300
R02,A130400
R02,A130500
R02,A130600
R02,A130700
R02,A130800
R02,A130900
R02,A131000
R02,A131100
R02,A131200
R02,A131300
R02,A131400
R02,A131500
R02,A131600
R02,A131700
R02,A131800
R02,A131900
R02,A132000
R02,A132100
R02,A132200
R02,A132300
R02,A132400
R02,A132500
R02,A132600
R02,A132700
R02,A132800
R02,A132900
R02,A133000
R02,A133100
R02,A133200
R02,A133300
R02,A133400
R02,A133500
R02,A133600
R02,A133700
R02,A133800
R02,A133900
R02,A134000
R02,A134100
R02,A134200
R02,A134300
R02,A134400
R02,A134500
R02,A134600
R02,A134700
R02,A134800
R02,A134900
R02,A135000
R02,A135100
R02,A135200
R02,A135300
R02,A135400
R02,A135500
R02,A135600
R02,A135700
R02,A135800
R02,A135900
R02,A136000
R02,A136100
R02,A136200
R02,A136300
R02,A136400
R02,A136500
R02,A136600
R02,A136700
R02,A136800
R02,A136900
R02,A137000
R02,A137100
R02,A137200
R02,A137300
R02,A137400
R02,A137500
R02,A137600
R02,A137700
R02,A137800
R02,A137900
R02,A138000
R02,A138100
R02,A138200
R02,A138300
R02,A138400
R02,A138500
R02,A138600
R02,A138700
R02,A138800
R02,A138900
R02,A139000
R02,A139100
R02,A139200
R02,A139300
R02,A139400
R02,A139500
R02,A139600
R02,A139700
R02,A139800
R02,A139900
R02,A140000
R02,A140100
R02,A140200
R02,A140300
R02,A140400
R02,A140500
R02,A140600
R02,A140700
R02,A140800
R02,A140900
R02,A141000
R02,A141100
R02,A141200
R02,A141300
R02,A141400
R02,A141500
R02,A141600
R02,A141700
R02,A141800
R02,A141900
R02,A142000
R02,A142100
R02,A142200
R02,A142300
R02,A142400
R02,A142500
R02,A142600
R02,A142700
R02,A142800
R02,A142900
R02,A143000
R02,A143100
R02,A143200
R02,A143300
R02,A143400
R02,A143500
R02,A143600
R02,A143700
R02,A143800
R02,A143900
R02,A144000
R02,A144100
R02,A144200
R02,A144300
R02,A144400
R02,A144500
R02,A144600
R02,A144700
R02,A144800
R02,A144900
R02,A145000
R02,A145100
R02,A145200
R02,A145300
R02,A145400
R02,A145500
R02,A145600
R02,A145700
R02,A145800
R02,A145900
R02,A146000
R02,A146100
R02,A146200
R02,A146300
R02,A146400
R02,A146500
R02,A146600
R02,A146700
R02,A146800
R02,A146900
R02,A147000
R02,A147100
R02,A147200
R02,A147300
R02,A147400
R02,A147500
R02,A147600
R02,A147700
R02,A147800
R02,A147900
R02,A148000
R02,A148100
R02,A148200
R02,A148300
R02,A148400
R02,A148500
R02,A148600
R02,A148700
R02,A148800
R02,A148900
R02,A149000
R02,A149100
R02,A149200
R02,A149300
R02,A149400
R02,A149500
R02,A149600
R02,A149700
R02,A149800
R02,A149900
R02,A150000
R02,A150100
R02,A150200
R02,A150300
R02,A150400
R02,A150500
R02,A150600
R02,A150700
R02,A150800
R02,A150900
R02,A151000
R02,A151100
R02,A151200
R02,A151300
R02,A151400
R02,A151500
R02,A151600
R02,A151700
R02,A151800
R02,A151900
R02,A152000
R02,A152100
R02,A152200
R02,A152300
R02,A152400
R02,A152500
R02,A152600
R02,A152700
R02,A152800
R02,A152900
R02,A153000
R02,A153100
R02,A153200
R02,A153300
R02,A153400
R02,A153500
R02,A153600
R02,A153700
R02,A153800
R02,A153900
R02,A154000
R02,A154100
R02,A154200
R02,A154300
R02,A154400
R02,A154500
R02,A154600
R02,A154700
R02,A154800
R02,A154900
R02,A155000
R02,A155100
R02,A155200
R02,A155300
R02,A155400
R02,A155500
R02,A155600
R02,A155700
R02,A155800
R02,A155900
R02,A156000
R02,A156100
R02,A156200
R02,A156300
R02,A156400
R02,A156500
R02,A156600
R02,A156700
R02,A156800
R02,A156900
R02,A157000
R02,A157100
R02,A157200
R02,A157300
R02,A157400
R02,A157500
R02,A157600
R02,A157700
R02,A157800
R02,A157900
R02,A158000
R02,A158100
R02,A158200
R02,A158300
R02,A158400
R02,A158500
R02,A158600
R02,A158700
R02,A158800
R02,A158900
R02,A159000
R02,A159100
R02,A159200
R02,A159300
R02,A159400
R02,A159500
R02,A159600
R02,A159700
R02,A159800
R02,A159900
R02,A160000
R02,A160100
R02,A160200
R02,A160300
R02,A160400
R02,A160500
R02,A160600
R02,A160700
R02,A160800
R02,A160900
R02,A161000
R02,A161100
R02,A161200
R02,A161300
R02,A161400
R02,A161500
R02,A161600
R02,A161700
R02,A161800
R02,A161900
R02,A162000
R02,A162100
R02,A162200
R02,A162300
R02,A162400
R02,A162500
R02,A162600
R02,A162700
R02,A162800
R02,A162900
R02,A163000
R02,A163100
R02,A163200
R02,A163300
R02,A163400
R02,A163500
R02,A163600
R02,A163700
R02,A163800
R02,A163900
R02,A164000
R02,A164100
R02,A164200
R02,A164300
R02,A164400
R02,A164500
R02,A164600
R02,A164700
R02,A164800
R02,A164900
R02,A165000
R02,A165100
R02,A165200
R02,A165300
R02,A165400
R02,A165500
R02,A165600
R02,A165700
R02,A165800
R02,A165900
R02,A166000
R02,A166100
R02,A166200
R02,A166300
R02,A166400
R03,A166500
R03,A166600
R03,A166700
R03,A166800
R03,A166900
R03,A167000
R03,A167100
R03,A167200
R03,A167300
R03,A167400
R03,A167500
R03,A167600
R03,A167700
R03,A167800
R03,A167900
R03,A168000
R03,A168100
R03,A168200
R03,A168300
R03,A168400
R03,A168500
R03,A168600
R03,A168700
R03,A168800
R03,A168900
R03,A169000
R03,A169100
R03,A169200
R03,A169300
R03,A169400
R03,A169500
R03,A169600
R03,A169700
R03,A169800
R03,A169900
R03,A170000
R03,A170100
R03,A170200
R03,A170300
R03,A170400
R03,A170500
R03,A170600
R03,A170700
R03,A170800
R03,A170900
R03,A171000
R03,A171100
R03,A171200
R03,A171300
R03,A171400
R03,A171500
R03,A171600
R03,A171700
R03,A171800
R03,A171900
R03,A172000
R03,A172100
R03,A172200
R03,A172300
R03,A172400
R03,A172500
R03,A172600
R03,A172700
R03,A172800
R03,A172900
R03,A173000
R03,A173100
R03,A173200
R03,A173300
R03,A173400
R03,A173500
R03,A173600
R03,A173700
R03,A173800
R03,A173900
R03,A174000
R03,A174100
R03,A174200
R03,A174300
R03,A174400
R03,A174500
R03,A174600
R03,A174700
R03,A174800
R03,A174900
R03,A175000
R03,A175100
R03,A175200
R03,A175300
R03,A175400
R03,A175500
R03,A175600
R03,A175700
R03,A175800
R03,A175900
R03,A176000
R03,A176100
R03,A176200
R03,A176300
R03,A176400
R03,A176500
R03,A176600
R03,A176700
R03,A176800
R03,A176900
R03,A177000
R03,A177100
R03,A177200
R03,A177300
R03,A177400
R03,A177500
R03,A177600
R03,A177700
R03,A177800
R03,A177900
R03,A178000
R03,A178100
R03,A178200
R03,A178300
R03,A178400
R03,A178500
R03,A178600
R03,A178700
R03,A178800
R03,A178900
R03,A179000
R03,A179100
R03,A179200
R03,A179300
R03,A179400
R03,A179500
R03,A179600
R03,A179700
R03,A179800
R03,A179900
R03,A180000
R03,A180100
R03,A180200
R03,A180300
R03,A180400
R03,A180500
R03,A180600
R03,A180700
R03,A180800
R03,A180900
R03,A181000
R03,A181100
R03,A181200
R03,A181300
R03,A181400
R03,A181500
R03,A181600
R03,A181700
R03,A181800
R03,A181900
R03,A182000
R03,A182100
R03,A182200
R03,A182300
R03,A182400
R03,A182500
R03,A182600
R03,A182700
R03,A182800
R03,A182900
R03,A183000
R03,A183100
R03,A183200
R03,A183300
R03,A183400
R03,A183500
R03,A183600
R03,A183700
R03,A183800
R03,A183900
R03,A184000
R03,A184100
R03,A184200
R03,A184300
R03,A184400
R03,A184500
R03,A184600
R03,A184700
R03,A184800
R03,A184900
R03,A185000
R03,A185100
R03,A185200
R03,A185300
R03,A185400
R03,A185500
R03,A185600
R03,A185700
R03,A185800
R03,A185900
R03,A186000
R03,A186100
R03,A186200
R03,A186300
R03,A186400
R03,A186500
R03,A186600
R03,A186700
R03,A186800
R03,A186900
R03,A187000
R03,A187100
R03,A187200
R03,A187300
R03,A187400
R03,A187500
R08,A187600
R03,A187700
R03,A187800
R03,A187900
R03,A188000
R03,A188100
R03,A188200
R03,A188300
R03,A188400
R03,A188500
R03,A188600
R03,A188700
R03,A188800
R03,A188900
R03,A189000
R03,A189100
R03,A189200
R03,A189300
R03,A189400
R03,A189500
R03,A189600
R03,A189700
R04,A189800
R06,A189900
R08,A190000
R04,A190100
R04,A190200
R04,A190300
R04,A190400
R04,A190500
R04,A190600
R04,A190700
R04,A190800
R04,A190900
R04,A191000
R04,A191100
R04,A191200
R04,A191300
R04,A191400
R04,A191500
R04,A191600
R04,A191700
R04,A191800
R04,A191900
R04,A192000
R04,A192100
R04,A192200
R04,A192300
R04,A192400
R04,A192500
R04,A192600
R04,A192700
R04,A192800
R04,A192900
R04,A193000
R04,A193100
R04,A193200
R04,A193300
R04,A193400
R04,A193500
R04,A193600
R04,A193700
R04,A193800
R04,A193900
R04,A194000
R04,A194100
R04,A194200
R04,A194300
R04,A194400
R04,A194500
R04,A194600
R04,A194700
R04,A194800
R04,A194900
R04,A195000
R04,A195100
R04,A195200
R04,A195300
R04,A195400
R04,A195500
R04,A195600
R04,A195700
R04,A195800
R04,A195900
R04,A196000
R04,A196100
R04,A196200
R04,A196300
R04,A196400
R04,A196500
R04,A196600
R04,A196700
R04,A196800
R04,A196900
R04,A197000
R04,A197100
R04,A197200
R04,A197300
R04,A197400
R04,A197500
R04,A197600
R04,A197700
R03,A197800
R04,A197900
R04,A198000
R04,A198100
R04,A198200
R04,A198300
R04,A198400
R04,A198500
R04,A198600
R04,A198700
R04,A198800
R04,A198900
R04,A199000
R04,A199100
R04,A199200
R04,A199300
R04,A199400
R04,A199500
R04,A199600
R04,A199700
R04,A199800
R04,A199900
R04,A200000
R04,A200100
R04,A200200
R04,A200300
R04,A200400
R04,A200500
R04,A200600
R04,A200700
R04,A200800
R04,A200900
R04,A201000
R04,A201100
R04,A201200
R04,A201300
R04,A201400
R04,A201500
R03,A201600
R04,A201700
R03,A201800
R04,A201900
R04,A202000
R04,A202100
R04,A202200
R04,A202300
R04,A202400
R04,A202500
R04,A202600
R04,A202700
R04,A202800
R04,A202900
R04,A203000
R04,A203100
R04,A203200
R04,A203300
R04,A203400
R04,A203500
R04,A203600
R04,A203700
R04,A203800
R04,A203900
R04,A204000
R04,A204100
R04,A204200
R04,A204300
R04,A204400
R04,A204500
R04,A204600
R05,A204700
R05,A204800
R05,A204900
R05,A205000
R05,A205100
R05,A205200
R05,A205300
R05,A205400
R05,A205500
R05,A205600
R05,A205700
R05,A205800
R05,A205900
R05,A206000
R05,A206100
R05,A206200
R05,A206300
R05,A206400
R05,A206500
R05,A206600
R05,A206700
R05,A206800
R05,A206900
R05,A207000
R05,A207100
R05,A207200
R05,A207300
R06,A207400
R06,A207500
R06,A207600
R06,A207700
R06,A207800
R06,A207900
R06,A208000
R06,A208100
R06,A208200
R06,A208300
R06,A208400
R06,A208500
R06,A208600
R06,A208700
R06,A208800
R06,A208900
R06,A209000
R06,A209100
R06,A209200
R06,A209300
R06,A209400
R06,A209500
R06,A209600
R06,A209700
R06,A209800
R06,A209900
R06,A210000
R06,A210100
R06,A210200
R06,A210300
R06,A210400
R06,A210500
R06,A210600
R06,A210700
R06,A210800
R06,A210900
R06,A211000
R06,A211100
R06,A211200
R06,A211300
R06,A211400
R06,A211500
R06,A211600
R06,A211700
R06,A211800
R06,A211900
R06,A212000
R06,A212100
R06,A212200
R06,A212300
R06,A212400
R06,A212500
R06,A212600
R06,A212700
R06,A212800
R06,A212900
R06,A213000
R06,A213100
R06,A213200
R06,A213300
R06,A213400
R06,A213500
R06,A213600
R06,A213700
R06,A213800
R06,A213900
R06,A214000
R06,A214100
R06,A214200
R06,A214300
R06,A214400
R06,A214500
R06,A214600
R06,A214700
R06,A214800
R06,A214900
R06,A215000
R06,A215100
R06,A215200
R06,A215300
R06,A215400
R06,A215500
R06,A215600
R06,A215700
R06,A215800
R06,A215900
R06,A216000
R06,A216100
R07,A216200
R07,A216300
R07,A216400
R07,A216500
R07,A216600
R07,A216700
R07,A216800
R07,A216900
R07,A217000
R07,A217100
R07,A217200
R07,A217300
R07,A217400
R07,A217500
R07,A217600
R07,A217700
R07,A217800
R07,A217900
R07,A218000
R07,A218100
R07,A218200
R07,A218300
R07,A218400
R07,A218500
R07,A218600
R07,A218700
R07,A218800
R07,A218900
R07,A219000
R07,A219100
R07,A219200
R07,A219300
R07,A219400
R07,A219500
R07,A219600
R07,A219700
R07,A219800
R07,A219900
R07,A220000
R07,A220100
R08,A220200
R07,A220300
R07,A220400
R07,A220500
R07,A220600
R07,A220700
R07,A220800
R07,A220900
R07,A221000
R07,A221100
R07,A221200
R07,A221300
R07,A221400
R07,A221500
R07,A221600
R07,A221700
R07,A221800
R07,A221900
R07,A222000
R07,A222100
R07,A222200
R08,A222300
R08,A222400
R08,A222500
R08,A222600
R08,A222700
R08,A222800
R08,A222900
R08,A223000
R08,A223100
R08,A223200
R08,A223300
R08,A223400
R08,A223500
R08,A223600
R08,A223700
R08,A223800
R08,A223900
R08,A224000
R08,A224100
R08,A224200
R08,A224300
R08,A224400
R08,A224500
R08,A224600
R08,A224700
R08,A224800
R08,A224900
R08,A225000
R08,A225100
R08,A225200
R08,A225300
R08,A225400
R08,A225500
R08,A225600
R08,A225700
R08,A225800
R08,A225900
R08,A226000
R08,A226100
R06,A226200
R08,A226300
R08,A226400
R08,A226500
R08,A226600
R08,A226700
R08,A226800
R08,A226900
R08,A227000
R08,A227100
R08,A227200
R08,A227300
R08,A227400
R08,A227500
R08,A227600
R08,A227700
R08,A227800
R08,A227900
R08,A228000
R08,A228100
R08,A228200
R08,A228300
R08,A228400
R08,A228500
R08,A228600
R08,A228700
R08,A228800
R08,A228900
R08,A229000
R08,A229100
R08,A229200
R08,A229300
R08,A229400
R08,A229500
R08,A229600
R08,A229700
R08,A229800
R08,A229900
R08,A230000
R08,A230100
R08,A230200
R08,A230300
R08,A230400
R08,A230500
R08,A230600
R08,A230700
R08,A230800
R08,A230900
R08,A231000
R08,A231100
R08,A231200
R08,A231300
R08,A231400
R08,A231500
R08,A231600
R08,A231700
R08,A231800
R08,A231900
R08,A232000
R08,A232100
R08,A232200
R08,A232300
R08,A232400
R08,A232500
R08,A232600
R08,A232700
R08,A232800
R08,A232900
R08,A233000
R08,A233100
R08,A233200
R08,A233300
R08,A233400
R08,A233500
R08,A233600
R08,A233700
R08,A233800
R09,A233900
R08,A234000
R08,A234100
R08,A234200
R08,A234300
R08,A234400
R08,A234500
R08,A234600
R08,A234700
R08,A234800
R08,A234900
R08,A235000
R08,A235100
R08,A235200
R08,A235300
R08,A235400
R08,A235500
R08,A235600
R08,A235700
R08,A235800
R08,A235900
R08,A236000
R08,A236100
R09,A236200
R09,A236300
R09,A236400
R09,A236500
R09,A236600
R09,A236700
R09,A236800
R09,A236900
R09,A237000
R09,A237100
R09,A237200
R09,A237300
R09,A237400
R09,A237500
R09,A237600
R09,A237700
R09,A237800
R09,A237900
R09,A238000
R09,A238100
R09,A238200
R09,A238300
R09,A238400
R09,A238500
R09,A238600
R09,A238700
R09,A238800
R09,A238900
R09,A239000
R09,A239100
R09,A239200
R09,A239300
R09,A239400
R09,A239500
R09,A239600
R09,A239700
R09,A239800
R09,A239900
R09,A240000
R09,A240100
R09,A240200
R09,A240300
R09,A240400
R09,A240500
R09,A240600
R09,A240700
R09,A240800
R09,A240900
R09,A241000
R09,A241100
R09,A241200
R09,A241300
R09,A241400
R09,A241500
R09,A241600
R09,A241700
R09,A241800
R09,A241900
R09,A242000
R09,A242100
R09,A242200
R09,A242300
R09,A242400
R09,A242500
R09,A242600
R09,A242700
R09,A242800
R09,A242900
R09,A243000
R09,A243100
R09,A243200
R09,A243300
R09,A243400
R09,A243500
R09,A243600
R09,A243700
R09,A243800
R09,A243900
R09,A244000
R09,A244100
R09,A244200
R09,A244300
R09,A244400
R09,A244500
R09,A244600
R09,A244700
R09,A244800
R09,A244900
R09,A245000
R09,A245100
R09,A245200
R09,A245300
R09,A245400
R09,A245500
R09,A245600
R09,A245700
R09,A245800
R09,A245900
R09,A246000
R09,A246100
R09,A246200
R09,A246300
R09,A246400
R09,A246500
R09,A246600
R09,A246700
R09,A246800
R09,A246900
R09,A247000
R09,A247100
R09,A247200
R09,A247300
R09,A247400
R09,A247500
R09,A247600
R09,A247700
R09,A247800
R09,A247900
R09,A248000
R09,A248100
R09,A248200
R09,A248300
R09,A248400
R09,A248500
R09,A248600
R09,A248700
R09,A248800
R09,A248900
R09,A249000
R09,A249100
R09,A249200
R09,A249300
R09,A249400
R09,A249500
R09,A249600
R09,A249700
R09,A249800
R09,A249900
R09,A250000
R09,A250100
R09,A250200
R09,A250300
R09,A250400
R09,A250500
R09,A250600
R09,A250700
R09,A250800
R09,A250900
R09,A251000
R09,A251100
R09,A251200
R09,A251300
R09,A251400
R09,A251500
R09,A251600
R09,A251700
R09,A251800
R09,A251900
R09,A252000
R09,A252100
R09,A252200
R09,A252300
R09,A252400
R09,A252500
R09,A252600
R09,A252700
R09,A252800
R09,A252900
R09,A253000
R09,A253100
R09,A253200
R09,A253300
R09,A253400
R09,A253500
R09,A253600
R09,A253700
R09,A253800
R09,A253900
R09,A254000
R09,A254100
R09,A254200
R09,A254300
R09,A254400
R09,A254500
R09,A254600
R09,A254700
R09,A254800
R09,A254900
R09,A255000
R09,A255100
R09,A255200
R09,A255300
R09,A255400
R09,A255500
R09,A255600
R09,A255700
R09,A255800
R09,A255900
R09,A256000
R09,A256100
R09,A256200
R09,A256300
R09,A256400
R09,A256500
R09,A256600
R09,A256700
R09,A256800
R09,A256900
R09,A257000
R09,A257100
R09,A257200
R09,A257300
R09,A257400
R09,A257500
R09,A257600
R09,A257700
R09,A257800
R09,A257900
R99,A258000
R99,A258100
R01,A258200
R01,A258300
R01,A258400
R03,A258500
R03,A258600
R03,A258700
R04,A258800
R04,A258900
R07,A259000
R07,A259100
R05,A259200
R08,A259300
R06,A259400
R06,A259500
R09,A259600
R09,A259700
R06,A259800
R08,A259900
R16,A300200
R16,A300300
R16,A300400
R16,A300500
R16,A300600
R16,A300700
R16,A300800
R16,A300900
R16,A301000
R16,A301100
R16,A301200
R16,A301300
R16,A301400
R16,A301500
R16,A301600
R16,A301700
R16,A301800
R16,A301900
R16,A302000
R16,A302100
R16,A302200
R16,A302300
R16,A302400
R16,A302500
R16,A302600
R16,A302700
R16,A302800
R16,A302900
R16,A303000
R16,A303100
R16,A303200
R16,A303300
R16,A303400
R16,A303500
R17,A303600
R17,A303700
R17,A303800
R17,A303900
R17,A304000
R17,A304100
R17,A304200
R17,A304300
R17,A304400
R17,A304500
R17,A304600
R17,A304700
R17,A304800
R17,A304900
R17,A305000
R17,A305100
R17,A305200
R17,A305300
R17,A305400
R17,A305500
R17,A305600
R17,A305700
R17,A305800
R17,A305900
R17,A306000
R17,A306100
R17,A306200
R18,A306300
R18,A306400
R18,A306500
R18,A306600
R18,A306700
R18,A306800
R18,A306900
R18,A307000
R18,A307100
R18,A307200
R18,A307300
R18,A307400
R18,A307500
R18,A307600
R18,A307700
R18,A307800
R18,A307900
R18,A308000
R18,A308100
R18,A308200
R18,A308300
R18,A308400
R18,A308500
R18,A308600
R18,A308700
R13,A308800
R13,A308900
R12,A309000
R12,A309100
R12,A309200
R12,A309300
R12,A309400
R12,A309500
R12,A309600
R12,A309700
R12,A309800
R12,A309900
R12,A310000
R12,A310100
R12,A310200
R12,A310300
R12,A310400
R12,A310500
R12,A310600
R12,A310700
R12,A310800
R12,A310900
R12,A311000
R12,A311100
R12,A311200
R12,A311300
R12,A311400
R12,A311500
R12,A311600
R12,A311700
R12,A311800
R12,A311900
R12,A312000
R13,A312100
R13,A312200
R13,A312300
R13,A312400
R13,A312500
R13,A312600
R13,A312700
R13,A312800
R13,A312900
R13,A313000
R13,A313100
R13,A313200
R13,A313300
R13,A313400
R13,A313500
R13,A313600
R13,A313700
R13,A313800
R13,A313900
R13,A314000
R13,A314100
R13,A314200
R13,A314300
R13,A314400
R13,A314500
R13,A314600
R13,A314700
R13,A314800
R13,A314900
R13,A315000
R13,A315100
R13,A315200
R13,A315300
R13,A315400
R13,A315500
R13,A315600
R13,A315700
R13,A315800
R13,A315900
R13,A316000
R13,A316100
R13,A316200
R13,A316300
R13,A316400
R13,A316500
R13,A316600
R13,A316700
R13,A316800
R13,A316900
R13,A317000
R13,A317100
R13,A317200
R13,A317300
R13,A317400
R13,A317500
R13,A317600
R13,A317700
R13,A317800
R13,A317900
R13,A318000
R13,A318100
R13,A318200
R13,A318300
R13,A318400
R13,A318500
R13,A318600
R13,A318700
R13,A318800
R13,A318900
R13,A319000
R13,A319100
R13,A319200
R13,A319300
R13,A319400
R13,A319500
R13,A319600
R13,A319700
R13,A319800
R13,A319900
R13,A320000
R13,A320100
R13,A320200
R13,A320300
R13,A320400
R13,A320500
R13,A320600
R13,A320700
R13,A320800
R13,A320900
R13,A321000
R13,A321100
R13,A321200
R13,A321300
R13,A321400
R13,A321500
R13,A321600
R13,A321700
R13,A321800
R13,A321900
R13,A322000
R13,A322100
R13,A322200
R13,A322300
R13,A322400
R13,A322500
R13,A322600
R13,A322700
R13,A322800
R13,A322900
R13,A323000
R13,A323100
R13,A323200
R13,A323300
R13,A323400
R13,A323500
R13,A323600
R13,A323700
R13,A323800
R13,A323900
R13,A324000
R13,A324100
R13,A324200
R13,A324300
R13,A324400
R13,A324500
R13,A324600
R13,A324700
R13,A324800
R13,A324900
R13,A325000
R13,A325100
R13,A325200
R13,A325300
R13,A325400
R13,A325500
R13,A325600
R13,A325700
R13,A325800
R13,A325900
R13,A326000
R13,A326100
R13,A326200
R13,A326300
R13,A326400
R13,A326500
R13,A326600
R13,A326700
R13,A326800
R13,A326900
R13,A327000
R13,A327100
R13,A327200
R13,A327300
R13,A327400
R13,A327500
R13,A327600
R13,A327700
R13,A327800
R13,A327900
R13,A328000
R13,A328100
R13,A328200
R13,A328300
R13,A328400
R13,A328500
R13,A328600
R13,A328700
R13,A328800
R13,A328900
R13,A329000
R13,A329100
R13,A329200
R13,A329300
R13,A329400
R13,A329500
R13,A329600
R13,A329700
R13,A329800
R13,A329900
R13,A330000
R13,A330100
R13,A330200
R13,A330300
R13,A330400
R13,A330500
R13,A330600
R13,A330700
R13,A330800
R13,A330900
R13,A331000
R13,A331100
R13,A331200
R13,A331300
R13,A331400
R13,A331500
R13,A331600
R13,A331700
R13,A331800
R13,A331900
R13,A332000
R13,A332100
R13,A332200
R13,A332300
R13,A332400
R13,A332500
R13,A332600
R13,A332700
R13,A332800
R13,A332900
R13,A333000
R13,A333100
R13,A333200
R13,A333300
R13,A333400
R13,A333500
R13,A333600
R13,A333700
R13,A333800
R13,A333900
R13,A334000
R13,A334100
R13,A334200
R13,A334300
R13,A334400
R13,A334500
R13,A334600
R13,A334700
R13,A334800
R13,A334900
R13,A335000
R13,A335100
R13,A335200
R13,A335300
R13,A335400
R13,A335500
R13,A335600
R13,A335700
R13,A335800
R13,A335900
R13,A336000
R13,A336100
R13,A336200
R13,A336300
R13,A336400
R13,A336500
R13,A336600
R13,A336700
R13,A336800
R13,A336900
R13,A337000
R13,A337100
R13,A337200
R13,A337300
R13,A337400
R13,A337500
R13,A337600
R13,A337700
R13,A337800
R13,A337900
R13,A338000
R13,A338100
R13,A338200
R13,A338300
R13,A338400
R13,A338500
R13,A338600
R13,A338700
R13,A338800
R13,A338900
R13,A339000
R13,A339100
R13,A339200
R13,A339300
R13,A339400
R13,A339500
R13,A339600
R13,A339700
R13,A339800
R13,A339900
R13,A340000
R13,A340100
R13,A340200
R13,A340300
R13,A340400
R13,A340500
R13,A340600
R13,A340700
R13,A340800
R13,A340900
R13,A341000
R13,A341100
R13,A341200
R13,A341300
R13,A341400
R13,A341500
R13,A341600
R13,A341700
R13,A341800
R13,A341900
R13,A342000
R13,A342100
R13,A342200
R13,A342300
R13,A342400
R13,A342500
R13,A342600
R13,A342700
R13,A342800
R99,A342900
R99,A343000
R13,A343100
R13,A343200
R13,A343300
R14,A343400
R14,A343500
R14,A343600
R14,A343700
R14,A343800
R14,A343900
R14,A344000
R14,A344100
R14,A344200
R14,A344300
R14,A344400
R14,A344500
R14,A344600
R14,A344700
R14,A344800
R14,A344900
R14,A345000
R14,A345100
R14,A345200
R14,A345300
R14,A345400
R14,A345500
R14,A345600
R14,A345700
R14,A345800
R14,A345900
R14,A346000
R14,A346100
R14,A346200
R14,A346300
R14,A346400
R14,A346500
R14,A346600
R14,A346700
R14,A346800
R14,A346900
R14,A347000
R14,A347100
R14,A347200
R14,A347300
R14,A347400
R14,A347500
R14,A347600
R14,A347700
R14,A347800
R14,A347900
R14,A348000
R14,A348100
R14,A348200
R14,A348300
R14,A348400
R14,A348500
R14,A348600
R14,A348700
R14,A348800
R14,A348900
R14,A349000
R14,A349100
R14,A349200
R14,A349300
R14,A349400
R14,A349500
R14,A349600
R14,A349700
R14,A349800
R14,A349900
R14,A350000
R14,A350100
R14,A350200
R14,A350300
R14,A350400
R14,A350500
R14,A350600
R14,A350700
R14,A350800
R14,A350900
R14,A351000
R14,A351100
R14,A351200
R14,A351300
R14,A351400
R14,A351500
R14,A351600
R14,A351700
R14,A351800
R14,A351900
R14,A352000
R14,A352100
R14,A352200
R14,A352300
R14,A352400
R14,A352500
R14,A352600
R14,A352700
R14,A352800
R14,A352900
R14,A353000
R14,A353100
R14,A353200
R14,A353300
R14,A353400
R14,A353500
R14,A353600
R14,A353700
R14,A353800
R14,A353900
R14,A354000
R14,A354100
R14,A354200
R14,A354300
R14,A354400
R14,A354500
R14,A354600
R14,A354700
R14,A354800
R14,A354900
R14,A355000
R14,A355100
R14,A355200
R14,A355300
R14,A355400
R14,A355500
R14,A355600
R14,A355700
R14,A355800
R14,A355900
R14,A356000
R14,A356100
R14,A356200
R14,A356300
R14,A356400
R14,A356500
R14,A356600
R14,A356700
R14,A356800
R14,A356900
R15,A357000
R15,A357100
R15,A357200
R15,A357300
R15,A357400
R15,A357500
R15,A357600
R15,A357700
R15,A357800
R15,A357900
R15,A358000
R15,A358100
R15,A358200
R15,A358300
R15,A358400
R15,A358500
R15,A358600
R15,A358700
R15,A358800
R15,A358900
R15,A359000
R15,A359100
R15,A359200
R15,A359300
R15,A359400
R15,A359500
R15,A359600
R15,A359700
R15,A359800
R15,A359900
R15,A360000
R15,A360100
R15,A360200
R15,A360300
R15,A360400
R15,A360500
R15,A360600
R15,A360700
R15,A360800
R15,A360900
R15,A361000
R15,A361100
R15,A361200
R15,A361300
R15,A361400
R15,A361500
R15,A361600
R15,A361700
R15,A361800
R15,A361900
R15,A362000
R15,A362100
R15,A362200
R15,A362300
R15,A362400
R15,A362500
R15,A362600
R15,A362700
R15,A362800
R15,A362900
R15,A363000
R15,A363100
R15,A363200
R15,A363300
R12,A363400
R17,A363500
R18,A363600
R15,A363700
R13,A363800
R14,A363900
R99,A400001
R99,A400002
R99,A400003
R99,A400004
R99,A400005
R99,A400006
R99,A400007
R99,A400008
R99,A400009
R99,A400010
R99,A400011
R99,A400012
R99,A400013
R99,A400014
R99,A400015
R99,A400016
T001,A100100
T001,A100200
T001,A100300
T001,A100400
T001,A100500
T001,A100600
T001,A100700
T001,A100800
T001,A100900
T001,A101000
T001,A101100
T001,A101200
T001,A101300
T001,A101400
T001,A101500
T001,A101600
T001,A101700
T001,A101800
T001,A101900
T001,A102000
T001,A102100
T001,A102200
T001,A102300
T001,A102400
T001,A102500
T001,A102600
T001,A102700
T001,A102800
T001,A102900
T001,A103000
T001,A103100
T001,A103200
T001,A103300
T001,A103400
T001,A103500
T001,A103600
T001,A103700
T001,A103800
T001,A103900
T001,A104000
T001,A104100
T001,A104200
T001,A104300
T001,A104400
T001,A104500
T001,A104600
T001,A104700
T002,A104800
T002,A104900
T002,A105000
T002,A105100
T002,A105200
T002,A105300
T002,A105400
T002,A105500
T002,A105600
T002,A105700
T002,A105800
T002,A105900
T002,A106000
T002,A106100
T002,A106200
T002,A106300
T002,A106400
T002,A106500
T002,A106600
T002,A106700
T002,A106800
T002,A106900
T002,A107000
T002,A107100
T002,A107200
T002,A107300
T002,A107400
T002,A107500
T002,A107600
T002,A107700
T002,A107800
T002,A107900
T002,A108000
T002,A108100
T002,A108200
T002,A108300
T002,A108400
T002,A108500
T002,A108600
T002,A108700
T002,A108800
T002,A108900
T002,A109000
T003,A109100
T003,A109200
T003,A109300
T003,A109400
T003,A109500
T003,A109600
T003,A109700
T003,A109800
T003,A109900
T003,A110000
T003,A110100
T076,A110200
T076,A110300
T076,A110400
T076,A110500
T076,A110600
T076,A110700
T076,A110800
T076,A110900
T076,A111000
T076,A111100
T076,A111200
T076,A111300
T076,A111400
T076,A111500
T076,A111600
T076,A111700
T076,A111800
T076,A111900
T076,A112000
T076,A112100
T076,A112200
T076,A112300
T076,A112400
T076,A112500
T076,A112600
T076,A112700
T076,A112800
T076,A112900
T076,A113000
T076,A113100
T076,A113200
T076,A113300
T076,A113400
T076,A113500
T076,A113600
T076,A113700
T076,A113800
T076,A113900
T076,A114000
T076,A114100
T076,A114200
T076,A114300
T076,A114400
T076,A114500
T076,A114600
T076,A114700
T076,A114800
T076,A114900
T076,A115000
T076,A115100
T076,A115200
T076,A115300
T076,A115400
T076,A115500
T076,A115600
T076,A115700
T076,A115800
T076,A115900
T076,A116000
T076,A116100
T076,A116200
T076,A116300
T076,A116400
T076,A116500
T076,A116600
T076,A116700
T076,A116800
T076,A116900
T076,A117000
T076,A117100
T076,A117200
T076,A117300
T076,A117400
T076,A117500
T076,A117600
T076,A117700
T076,A117800
T076,A117900
T076,A118000
T076,A118100
T076,A118200
T076,A118300
T076,A118400
T076,A118500
T076,A118600
T076,A118700
T076,A118800
T076,A118900
T076,A119000
T076,A119100
T076,A119200
T076,A119300
T076,A119400
T076,A119500
T076,A119600
T076,A119700
T076,A119800
T076,A119900
T076,A120000
T076,A120100
T076,A120200
T076,A120300
T076,A120400
T076,A120500
T076,A120600
T076,A120700
T076,A120800
T076,A120900
T076,A121000
T076,A121100
T076,A121200
T076,A121300
T076,A121400
T076,A121500
T076,A121600
T076,A121700
T076,A121800
T076,A121900
T076,A122000
T076,A122100
T076,A122200
T076,A122300
T076,A122400
T076,A122500
T076,A122600
T076,A122700
T076,A122800
T076,A122900
T076,A123000
T076,A123100
T076,A123200
T076,A123300
T076,A123400
T076,A123500
T076,A123600
T076,A123700
T076,A123800
T076,A123900
T076,A124000
T076,A124100
T076,A124200
T076,A124300
T076,A124400
T076,A124500
T076,A124600
T076,A124700
T076,A124800
T076,A124900
T076,A125000
T076,A125100
T076,A125200
T076,A125300
T076,A125400
T076,A125500
T076,A125600
T076,A125700
T076,A125800
T076,A125900
T076,A126000
T076,A126100
T076,A126200
T076,A126300
T076,A126400
T076,A126500
T076,A126600
T076,A126700
T076,A126800
T076,A126900
T076,A127000
T076,A127100
T076,A127200
T076,A127300
T076,A127400
T076,A127500
T076,A127600
T076,A127700
T076,A127800
T076,A127900
T076,A128000
T076,A128100
T076,A128200
T076,A128300
T076,A128400
T076,A128500
T076,A128600
T076,A128700
T076,A128800
T076,A128900
T076,A129000
T076,A129100
T076,A129200
T076,A129300
T076,A129400
T076,A129500
T076,A129600
T076,A129700
T076,A129800
T076,A129900
T076,A130000
T076,A130100
T076,A130200
T076,A130300
T076,A130400
T076,A130500
T076,A130600
T076,A130700
T076,A130800
T076,A130900
T076,A131000
T076,A131100
T076,A131200
T076,A131300
T076,A131400
T076,A131500
T076,A131600
T076,A131700
T076,A131800
T076,A131900
T076,A132000
T076,A132100
T076,A132200
T076,A132300
T076,A132400
T076,A132500
T076,A132600
T076,A132700
T076,A132800
T076,A132900
T076,A133000
T076,A133100
T076,A133200
T076,A133300
T076,A133400
T076,A133500
T076,A133600
T076,A133700
T076,A133800
T076,A133900
T076,A134000
T076,A134100
T076,A134200
T076,A134300
T076,A134400
T076,A134500
T076,A134600
T076,A134700
T076,A134800
T076,A134900
T076,A135000
T076,A135100
T076,A135200
T076,A135300
T076,A135400
T076,A135500
T076,A135600
T076,A135700
T076,A135800
T076,A135900
T076,A136000
T076,A136100
T076,A136200
T076,A136300
T076,A136400
T076,A136500
T076,A136600
T076,A136700
T076,A136800
T076,A136900
T076,A137000
T076,A137100
T076,A137200
T076,A137300
T076,A137400
T076,A137500
T076,A137600
T076,A137700
T076,A137800
T076,A137900
T076,A138000
T076,A138100
T076,A138200
T076,A138300
T076,A138400
T076,A138500
T076,A138600
T076,A138700
T076,A138800
T076,A138900
T076,A139000
T076,A139100
T076,A139200
T076,A139300
T076,A139400
T076,A139500
T076,A139600
T076,A139700
T076,A139800
T076,A139900
T076,A140000
T076,A140100
T076,A140200
T076,A140300
T076,A140400
T076,A140500
T076,A140600
T076,A140700
T076,A140800
T076,A140900
T076,A141000
T076,A141100
T076,A141200
T076,A141300
T076,A141400
T076,A141500
T076,A141600
T076,A141700
T076,A141800
T076,A141900
T076,A142000
T076,A142100
T076,A142200
T076,A142300
T076,A142400
T076,A142500
T076,A142600
T076,A142700
T076,A142800
T076,A142900
T076,A143000
T076,A143100
T076,A143200
T076,A143300
T076,A143400
T076,A143500
T076,A143600
T076,A143700
T076,A143800
T076,A143900
T076,A144000
T076,A144100
T076,A144200
T076,A144300
T076,A144400
T076,A144500
T076,A144600
T076,A144700
T076,A144800
T076,A144900
T076,A145000
T076,A145100
T076,A145200
T076,A145300
T076,A145400
T076,A145500
T076,A145600
T076,A145700
T076,A145800
T076,A145900
T076,A146000
T076,A146100
T076,A146200
T076,A146300
T076,A146400
T076,A146500
T076,A146600
T076,A146700
T076,A146800
T076,A146900
T076,A147000
T076,A147100
T076,A147200
T076,A147300
T076,A147400
T076,A147500
T076,A147600
T076,A147700
T076,A147800
T076,A147900
T076,A148000
T076,A148100
T076,A148200
T076,A148300
T076,A148400
T076,A148500
T076,A148600
T076,A148700
T076,A148800
T076,A148900
T076,A149000
T076,A149100
T076,A149200
T076,A149300
T076,A149400
T076,A149500
T076,A149600
T076,A149700
T076,A149800
T076,A149900
T076,A150000
T076,A150100
T076,A150200
T076,A150300
T076,A150400
T076,A150500
T076,A150600
T076,A150700
T076,A150800
T076,A150900
T076,A151000
T076,A151100
T076,A151200
T076,A151300
T076,A151400
T076,A151500
T076,A151600
T076,A151700
T076,A151800
T076,A151900
T076,A152000
T076,A152100
T076,A152200
T076,A152300
T076,A152400
T076,A152500
T076,A152600
T076,A152700
T076,A152800
T076,A152900
T076,A153000
T076,A153100
T076,A153200
T076,A153300
T076,A153400
T076,A153500
T076,A153600
T076,A153700
T076,A153800
T076,A153900
T076,A154000
T076,A154100
T076,A154200
T076,A154300
T076,A154400
T076,A154500
T076,A154600
T076,A154700
T076,A154800
T076,A154900
T076,A155000
T076,A155100
T076,A155200
T076,A155300
T076,A155400
T076,A155500
T076,A155600
T076,A155700
T076,A155800
T076,A155900
T076,A156000
T076,A156100
T076,A156200
T076,A156300
T076,A156400
T076,A156500
T076,A156600
T076,A156700
T076,A156800
T076,A156900
T076,A157000
T076,A157100
T076,A157200
T076,A157300
T076,A157400
T076,A157500
T076,A157600
T076,A157700
T076,A157800
T076,A157900
T076,A158000
T076,A158100
T076,A158200
T076,A158300
T076,A158400
T076,A158500
T076,A158600
T076,A158700
T076,A158800
T076,A158900
T076,A159000
T076,A159100
T076,A159200
T076,A159300
T076,A159400
T076,A159500
T076,A159600
T076,A159700
T076,A159800
T076,A159900
T076,A160000
T076,A160100
T076,A160200
T076,A160300
T076,A160400
T076,A160500
T076,A160600
T076,A160700
T076,A160800
T076,A160900
T076,A161000
T076,A161100
T076,A161200
T076,A161300
T076,A161400
T076,A161500
T076,A161600
T076,A161700
T076,A161800
T076,A161900
T076,A162000
T076,A162100
T076,A162200
T076,A162300
T076,A162400
T076,A162500
T076,A162600
T076,A162700
T076,A162800
T076,A162900
T076,A163000
T076,A163100
T076,A163200
T076,A163300
T076,A163400
T076,A163500
T076,A163600
T076,A163700
T076,A163800
T076,A163900
T076,A164000
T076,A164100
T076,A164200
T076,A164300
T076,A164400
T076,A164500
T076,A164600
T076,A164700
T076,A164800
T076,A164900
T076,A165000
T076,A165100
T076,A165200
T076,A165300
T076,A165400
T076,A165500
T076,A165600
T076,A165700
T076,A165800
T076,A165900
T076,A166000
T076,A166100
T076,A166200
T076,A166300
T076,A166400
T011,A166500
T011,A166600
T011,A166700
T011,A166800
T011,A166900
T011,A167000
T011,A167100
T011,A167200
T011,A167300
T011,A167400
T011,A167500
T011,A167600
T011,A167700
T011,A167800
T011,A167900
T011,A168000
T011,A168100
T011,A168200
T011,A168300
T011,A168400
T011,A168500
T012,A168600
T012,A168700
T012,A168800
T012,A168900
T012,A169000
T012,A169100
T012,A169200
T012,A169300
T012,A169400
T012,A169500
T012,A169600
T013,A169700
T013,A169800
T013,A169900
T013,A170000
T013,A170100
T013,A170200
T013,A170300
T013,A170400
T013,A170500
T013,A170600
T013,A170700
T013,A170800
T013,A170900
T013,A171000
T013,A171100
T013,A171200
T013,A171300
T013,A171400
T013,A171500
T013,A171600
T013,A171700
T013,A171800
T013,A171900
T013,A172000
T013,A172100
T013,A172200
T013,A172300
T013,A172400
T013,A172500
T013,A172600
T013,A172700
T013,A172800
T013,A172900
T013,A173000
T013,A173100
T013,A173200
T013,A173300
T013,A173400
T015,A173500
T015,A173600
T015,A173700
T015,A173800
T015,A173900
T015,A174000
T015,A174100
T015,A174200
T015,A174300
T015,A174400
T015,A174500
T015,A174600
T015,A174700
T015,A174800
T015,A174900
T015,A175000
T015,A175100
T016,A175200
T016,A175300
T016,A175400
T016,A175500
T016,A175600
T016,A175700
T016,A175800
T016,A175900
T016,A176000
T016,A176100
T016,A176200
T016,A176300
T016,A176400
T016,A176500
T016,A176600
T016,A176700
T016,A176800
T016,A176900
T016,A177000
T016,A177100
T016,A177200
T016,A177300
T016,A177400
T016,A177500
T016,A177600
T016,A177700
T016,A177800
T016,A177900
T016,A178000
T016,A178100
T016,A178200
T016,A178300
T016,A178400
T016,A178500
T016,A178600
T016,A178700
T016,A178800
T016,A178900
T016,A179000
T016,A179100
T016,A179200
T016,A179300
T016,A179400
T016,A179500
T016,A179600
T016,A179700
T016,A179800
T016,A179900
T016,A180000
T016,A180100
T016,A180200
T016,A180300
T016,A180400
T016,A180500
T016,A180600
T016,A180700
T016,A180800
T016,A180900
T016,A181000
T016,A181100
T016,A181200
T016,A181300
T017,A181400
T017,A181500
T017,A181600
T017,A181700
T017,A181800
T017,A181900
T017,A182000
T017,A182100
T017,A182200
T017,A182300
T017,A182400
T017,A182500
T017,A182600
T017,A182700
T017,A182800
T017,A182900
T017,A183000
T017,A183100
T017,A183200
T017,A183300
T017,A183400
T017,A183500
T017,A183600
T017,A183700
T017,A183800
T017,A183900
T017,A184000
T017,A184100
T017,A184200
T017,A184300
T017,A184400
T017,A184500
T017,A184600
T017,A184700
T017,A184800
T017,A184900
T017,A185000
T018,A185100
T018,A185200
T018,A185300
T018,A185400
T018,A185500
T018,A185600
T018,A185700
T019,A185800
T019,A185900
T019,A186000
T019,A186100
T019,A186200
T019,A186300
T019,A186400
T019,A186500
T019,A186600
T019,A186700
T019,A186800
T020,A186900
T020,A187000
T020,A187100
T020,A187200
T020,A187300
T020,A187400
T020,A187500
T020,A187600
T021,A187700
T021,A187800
T021,A187900
T021,A188000
T021,A188100
T021,A188200
T021,A188300
T021,A188400
T021,A188500
T021,A188600
T021,A188700
T021,A188800
T021,A188900
T021,A189000
T021,A189100
T021,A189200
T021,A189300
T021,A189400
T021,A189500
T021,A189600
T021,A189700
T021,A189800
T021,A189900
T021,A190000
T022,A190100
T022,A190200
T022,A190300
T022,A190400
T022,A190500
T022,A190600
T022,A190700
T022,A190800
T022,A190900
T022,A191000
T022,A191100
T022,A191200
T022,A191300
T022,A191400
T022,A191500
T022,A191600
T022,A191700
T022,A191800
T022,A191900
T022,A192000
T022,A192100
T022,A192200
T022,A192300
T022,A192400
T022,A192500
T023,A192600
T023,A192700
T023,A192800
T023,A192900
T023,A193000
T023,A193100
T023,A193200
T023,A193300
T023,A193400
T023,A193500
T023,A193600
T023,A193700
T023,A193800
T023,A193900
T023,A194000
T023,A194100
T023,A194200
T023,A194300
T023,A194400
T023,A194500
T023,A194600
T023,A194700
T023,A194800
T023,A194900
T023,A195000
T023,A195100
T023,A195200
T023,A195300
T023,A195400
T023,A195500
T023,A195600
T023,A195700
T023,A195800
T023,A195900
T023,A196000
T023,A196100
T023,A196200
T023,A196300
T023,A196400
T023,A196500
T023,A196600
T023,A196700
T023,A196800
T023,A196900
T023,A197000
T023,A197100
T023,A197200
T023,A197300
T023,A197400
T023,A197500
T023,A197600
T024,A197700
T024,A197800
T024,A197900
T024,A198000
T024,A198100
T024,A198200
T024,A198300
T024,A198400
T024,A198500
T024,A198600
T024,A198700
T024,A198800
T024,A198900
T024,A199000
T024,A199100
T024,A199200
T024,A199300
T024,A199400
T024,A199500
T024,A199600
T024,A199700
T024,A199800
T024,A199900
T024,A200000
T024,A200100
T024,A200200
T024,A200300
T024,A200400
T024,A200500
T024,A200600
T024,A200700
T024,A200800
T024,A200900
T024,A201000
T024,A201100
T024,A201200
T024,A201300
T024,A201400
T024,A201500
T024,A201600
T024,A201700
T024,A201800
T025,A201900
T025,A202000
T025,A202100
T025,A202200
T025,A202300
T025,A202400
T025,A202500
T025,A202600
T025,A202700
T025,A202800
T025,A202900
T025,A203000
T025,A203100
T025,A203200
T025,A203300
T025,A203400
T025,A203500
T025,A203600
T026,A203700
T026,A203800
T026,A203900
T027,A204000
T027,A204100
T027,A204200
T027,A204300
T027,A204400
T027,A204500
T027,A204600
T028,A204700
T028,A204800
T028,A204900
T028,A205000
T028,A205100
T028,A205200
T028,A205300
T028,A205400
T028,A205500
T028,A205600
T028,A205700
T028,A205800
T028,A205900
T028,A206000
T028,A206100
T028,A206200
T028,A206300
T028,A206400
T028,A206500
T028,A206600
T028,A206700
T028,A206800
T028,A206900
T028,A207000
T028,A207100
T028,A207200
T028,A207300
T029,A207400
T029,A207500
T029,A207600
T029,A207700
T029,A207800
T029,A207900
T030,A208000
T030,A208100
T030,A208200
T030,A208300
T030,A208400
T030,A208500
T030,A208600
T030,A208700
T030,A208800
T030,A208900
T030,A209000
T030,A209100
T030,A209200
T030,A209300
T030,A209400
T030,A209500
T030,A209600
T030,A209700
T030,A209800
T030,A209900
T030,A210000
T030,A210100
T030,A210200
T030,A210300
T030,A210400
T030,A210500
T030,A210600
T030,A210700
T030,A210800
T030,A210900
T030,A211000
T030,A211100
T030,A211200
T030,A211300
T030,A211400
T030,A211500
T030,A211600
T030,A211700
T030,A211800
T030,A211900
T030,A212000
T030,A212100
T030,A212200
T031,A212300
T031,A212400
T031,A212500
T031,A212600
T031,A212700
T031,A212800
T031,A212900
T031,A213000
T031,A213100
T031,A213200
T031,A213300
T031,A213400
T031,A213500
T031,A213600
T031,A213700
T031,A213800
T031,A213900
T031,A214000
T031,A214100
T031,A214200
T031,A214300
T031,A214400
T031,A214500
T031,A214600
T031,A214700
T031,A214800
T031,A214900
T031,A215000
T031,A215100
T031,A215200
T031,A215300
T031,A215400
T032,A215500
T032,A215600
T032,A215700
T032,A215800
T032,A215900
T032,A216000
T032,A216100
T033,A216200
T033,A216300
T033,A216400
T033,A216500
T033,A216600
T033,A216700
T033,A216800
T033,A216900
T033,A217000
T033,A217100
T033,A217200
T033,A217300
T033,A217400
T033,A217500
T033,A217600
T033,A217700
T033,A217800
T033,A217900
T033,A218000
T033,A218100
T033,A218200
T033,A218300
T033,A218400
T033,A218500
T033,A218600
T033,A218700
T033,A218800
T033,A218900
T033,A219000
T033,A219100
T033,A219200
T033,A219300
T033,A219400
T033,A219500
T033,A219600
T033,A219700
T034,A219800
T034,A219900
T034,A220000
T034,A220100
T034,A220200
T034,A220300
T034,A220400
T035,A220500
T035,A220600
T035,A220700
T035,A220800
T035,A220900
T035,A221000
T035,A221100
T035,A221200
T035,A221300
T035,A221400
T035,A221500
T035,A221600
T035,A221700
T035,A221800
T035,A221900
T035,A222000
T035,A222100
T035,A222200
T036,A222300
T036,A222400
T036,A222500
T036,A222600
T036,A222700
T036,A222800
T036,A222900
T036,A223000
T036,A223100
T036,A223200
T037,A223300
T037,A223400
T037,A223500
T037,A223600
T037,A223700
T037,A223800
T037,A223900
T037,A224000
T037,A224100
T037,A224200
T037,A224300
T037,A224400
T037,A224500
T037,A224600
T037,A224700
T037,A224800
T037,A224900
T037,A225000
T037,A225100
T037,A225200
T037,A225300
T037,A225400
T037,A225500
T037,A225600
T037,A225700
T037,A225800
T037,A225900
T037,A226000
T038,A226100
T038,A226200
T038,A226300
T038,A226400
T038,A226500
T038,A226600
T038,A226700
T038,A226800
T038,A226900
T038,A227000
T039,A227100
T039,A227200
T039,A227300
T039,A227400
T039,A227500
T039,A227600
T039,A227700
T039,A227800
T039,A227900
T039,A228000
T039,A228100
T039,A228200
T039,A228300
T039,A228400
T039,A228500
T039,A228600
T039,A228700
T040,A228800
T040,A228900
T040,A229000
T040,A229100
T040,A229200
T040,A229300
T040,A229400
T040,A229500
T040,A229600
T040,A229700
T040,A229800
T040,A229900
T040,A230000
T040,A230100
T040,A230200
T040,A230300
T040,A230400
T040,A230500
T040,A230600
T040,A230700
T040,A230800
T040,A230900
T040,A231000
T040,A231100
T040,A231200
T040,A231300
T040,A231400
T040,A231500
T040,A231600
T040,A231700
T040,A231800
T040,A231900
T040,A232000
T040,A232100
T040,A232200
T040,A232300
T040,A232400
T040,A232500
T040,A232600
T040,A232700
T041,A232800
T041,A232900
T041,A233000
T041,A233100
T041,A233200
T041,A233300
T041,A233400
T041,A233500
T041,A233600
T041,A233700
T041,A233800
T041,A233900
T042,A234000
T042,A234100
T042,A234200
T042,A234300
T042,A234400
T042,A234500
T042,A234600
T042,A234700
T042,A234800
T042,A234900
T042,A235000
T042,A235100
T042,A235200
T042,A235300
T042,A235400
T042,A235500
T042,A235600
T042,A235700
T042,A235800
T042,A235900
T042,A236000
T042,A236100
T043,A236200
T043,A236300
T043,A236400
T043,A236500
T043,A236600
T043,A236700
T043,A236800
T043,A236900
T043,A237000
T043,A237100
T043,A237200
T043,A237300
T043,A237400
T043,A237500
T043,A237600
T043,A237700
T043,A237800
T043,A237900
T043,A238000
T043,A238100
T043,A238200
T043,A238300
T043,A238400
T043,A238500
T043,A238600
T044,A238700
T044,A238800
T044,A238900
T044,A239000
T044,A239100
T044,A239200
T044,A239300
T044,A239400
T044,A239500
T044,A239600
T044,A239700
T044,A239800
T044,A239900
T044,A240000
T044,A240100
T044,A240200
T044,A240300
T044,A240400
T044,A240500
T044,A240600
T044,A240700
T044,A240800
T044,A240900
T044,A241000
T044,A241100
T045,A241200
T045,A241300
T045,A241400
T045,A241500
T045,A241600
T045,A241700
T045,A241800
T045,A241900
T045,A242000
T045,A242100
T045,A242200
T045,A242300
T045,A242400
T045,A242500
T045,A242600
T045,A242700
T045,A242800
T045,A242900
T045,A243000
T046,A243100
T046,A243200
T046,A243300
T046,A243400
T046,A243500
T046,A243600
T046,A243700
T046,A243800
T046,A243900
T046,A244000
T046,A244100
T046,A244200
T046,A244300
T046,A244400
T046,A244500
T046,A244600
T046,A244700
T046,A244800
T046,A244900
T046,A245000
T046,A245100
T046,A245200
T046,A245300
T046,A245400
T046,A245500
T046,A245600
T046,A245700
T046,A245800
T046,A245900
T046,A246000
T046,A246100
T046,A246200
T046,A246300
T046,A246400
T046,A246500
T046,A246600
T046,A246700
T046,A246800
T046,A246900
T046,A247000
T046,A247100
T046,A247200
T046,A247300
T046,A247400
T047,A247500
T047,A247600
T047,A247700
T047,A247800
T047,A247900
T047,A248000
T047,A248100
T047,A248200
T047,A248300
T047,A248400
T047,A248500
T047,A248600
T047,A248700
T047,A248800
T047,A248900
T047,A249000
T047,A249100
T047,A249200
T047,A249300
T047,A249400
T047,A249500
T047,A249600
T047,A249700
T047,A249800
T047,A249900
T047,A250000
T047,A250100
T047,A250200
T047,A250300
T047,A250400
T047,A250500
T047,A250600
T047,A250700
T047,A250800
T047,A250900
T047,A251000
T047,A251100
T047,A251200
T047,A251300
T047,A251400
T047,A251500
T047,A251600
T047,A251700
T047,A251800
T047,A251900
T047,A252000
T047,A252100
T047,A252200
T047,A252300
T047,A252400
T047,A252500
T047,A252600
T047,A252700
T047,A252800
T047,A252900
T047,A253000
T047,A253100
T047,A253200
T047,A253300
T047,A253400
T047,A253500
T047,A253600
T047,A253700
T047,A253800
T047,A253900
T047,A254000
T047,A254100
T047,A254200
T047,A254300
T047,A254400
T047,A254500
T047,A254600
T047,A254700
T047,A254800
T047,A254900
T047,A255000
T047,A255100
T047,A255200
T048,A255300
T048,A255400
T048,A255500
T048,A255600
T048,A255700
T048,A255800
T048,A255900
T048,A256000
T048,A256100
T048,A256200
T048,A256300
T048,A256400
T048,A256500
T048,A256600
T048,A256700
T049,A256800
T049,A256900
T049,A257000
T049,A257100
T049,A257200
T050,A257300
T050,A257400
T050,A257500
T050,A257600
T050,A257700
T050,A257800
T050,A257900
T999,A258000
T999,A258100
T999,A258200
T999,A258300
T999,A258400
T999,A258500
T999,A258600
T999,A258700
T999,A258800
T999,A258900
T999,A259000
T999,A259100
T999,A259200
T999,A259300
T999,A259400
T999,A259500
T999,A259600
T999,A259700
T999,A259800
T999,A259900
T051,A300200
T051,A300300
T051,A300400
T051,A300500
T051,A300600
T051,A300700
T051,A300800
T051,A300900
T051,A301000
T051,A301100
T051,A301200
T051,A301300
T051,A301400
T051,A301500
T051,A301600
T051,A301700
T051,A301800
T051,A301900
T051,A302000
T051,A302100
T051,A302200
T051,A302300
T051,A302400
T051,A302500
T051,A302600
T051,A302700
T051,A302800
T051,A302900
T051,A303000
T051,A303100
T051,A303200
T051,A303300
T051,A303400
T051,A303500
T052,A303600
T052,A303700
T052,A303800
T052,A303900
T052,A304000
T052,A304100
T052,A304200
T052,A304300
T052,A304400
T052,A304500
T052,A304600
T052,A304700
T052,A304800
T052,A304900
T052,A305000
T052,A305100
T052,A305200
T052,A305300
T052,A305400
T052,A305500
T052,A305600
T052,A305700
T052,A305800
T052,A305900
T052,A306000
T052,A306100
T052,A306200
T053,A306300
T053,A306400
T053,A306500
T053,A306600
T053,A306700
T053,A306800
T053,A306900
T053,A307000
T053,A307100
T053,A307200
T053,A307300
T053,A307400
T053,A307500
T053,A307600
T053,A307700
T053,A307800
T053,A307900
T053,A308000
T053,A308100
T053,A308200
T053,A308300
T053,A308400
T053,A308500
T053,A308600
T053,A308700
T054,A308800
T054,A308900
T055,A309000
T055,A309100
T055,A309200
T055,A309300
T055,A309400
T055,A309500
T055,A309600
T055,A309700
T055,A309800
T056,A309900
T056,A310000
T056,A310100
T056,A310200
T056,A310300
T056,A310400
T056,A310500
T056,A310600
T056,A310700
T056,A310800
T056,A310900
T056,A311000
T056,A311100
T057,A311200
T057,A311300
T057,A311400
T057,A311500
T057,A311600
T057,A311700
T057,A311800
T057,A311900
T057,A312000
T058,A312100
T058,A312200
T058,A312300
T058,A312400
T058,A312500
T058,A312600
T058,A312700
T058,A312800
T058,A312900
T059,A313000
T059,A313100
T059,A313200
T059,A313300
T059,A313400
T059,A313500
T059,A313600
T059,A313700
T059,A313800
T059,A313900
T059,A314000
T059,A314100
T059,A314200
T059,A314300
T059,A314400
T059,A314500
T059,A314600
T059,A314700
T059,A314800
T059,A314900
T059,A315000
T059,A315100
T059,A315200
T059,A315300
T059,A315400
T059,A315500
T059,A315600
T059,A315700
T059,A315800
T059,A315900
T059,A316000
T059,A316100
T059,A316200
T059,A316300
T060,A316400
T060,A316500
T060,A316600
T060,A316700
T060,A316800
T060,A316900
T060,A317000
T060,A317100
T060,A317200
T060,A317300
T060,A317400
T060,A317500
T060,A317600
T060,A317700
T060,A317800
T060,A317900
T060,A318000
T060,A318100
T060,A318200
T060,A318300
T060,A318400
T060,A318500
T060,A318600
T060,A318700
T060,A318800
T060,A318900
T060,A319000
T060,A319100
T060,A319200
T060,A319300
T060,A319400
T060,A319500
T060,A319600
T060,A319700
T060,A319800
T060,A319900
T060,A320000
T060,A320100
T060,A320200
T060,A320300
T060,A320400
T060,A320500
T060,A320600
T060,A320700
T060,A320800
T060,A320900
T060,A321000
T060,A321100
T060,A321200
T060,A321300
T060,A321400
T060,A321500
T060,A321600
T060,A321700
T060,A321800
T060,A321900
T060,A322000
T060,A322100
T060,A322200
T060,A322300
T060,A322400
T060,A322500
T060,A322600
T060,A322700
T060,A322800
T060,A322900
T060,A323000
T060,A323100
T060,A323200
T060,A323300
T060,A323400
T060,A323500
T060,A323600
T060,A323700
T060,A323800
T060,A323900
T060,A324000
T060,A324100
T060,A324200
T060,A324300
T060,A324400
T060,A324500
T060,A324600
T060,A324700
T060,A324800
T060,A324900
T060,A325000
T060,A325100
T060,A325200
T060,A325300
T060,A325400
T060,A325500
T060,A325600
T060,A325700
T060,A325800
T060,A325900
T060,A326000
T060,A326100
T060,A326200
T060,A326300
T060,A326400
T060,A326500
T060,A326600
T060,A326700
T060,A326800
T060,A326900
T060,A327000
T060,A327100
T060,A327200
T060,A327300
T060,A327400
T060,A327500
T060,A327600
T060,A327700
T060,A327800
T060,A327900
T060,A328000
T060,A328100
T060,A328200
T060,A328300
T060,A328400
T060,A328500
T060,A328600
T060,A328700
T060,A328800
T060,A328900
T060,A329000
T060,A329100
T060,A329200
T060,A329300
T060,A329400
T060,A329500
T060,A329600
T060,A329700
T060,A329800
T060,A329900
T060,A330000
T060,A330100
T060,A330200
T060,A330300
T060,A330400
T060,A330500
T060,A330600
T060,A330700
T060,A330800
T060,A330900
T060,A331000
T060,A331100
T060,A331200
T060,A331300
T060,A331400
T060,A331500
T060,A331600
T060,A331700
T060,A331800
T060,A331900
T060,A332000
T060,A332100
T060,A332200
T060,A332300
T060,A332400
T060,A332500
T060,A332600
T060,A332700
T060,A332800
T060,A332900
T060,A333000
T060,A333100
T060,A333200
T060,A333300
T060,A333400
T060,A333500
T062,A333600
T062,A333700
T062,A333800
T062,A333900
T062,A334000
T062,A334100
T062,A334200
T062,A334300
T062,A334400
T062,A334500
T062,A334600
T062,A334700
T062,A334800
T062,A334900
T062,A335000
T062,A335100
T062,A335200
T062,A335300
T062,A335400
T062,A335500
T062,A335600
T062,A335700
T062,A335800
T062,A335900
T062,A336000
T062,A336100
T062,A336200
T062,A336300
T062,A336400
T062,A336500
T063,A336600
T063,A336700
T063,A336800
T063,A336900
T063,A337000
T063,A337100
T063,A337200
T063,A337300
T063,A337400
T063,A337500
T063,A337600
T063,A337700
T063,A337800
T063,A337900
T063,A338000
T063,A338100
T063,A338200
T063,A338300
T063,A338400
T063,A338500
T064,A338600
T064,A338700
T064,A338800
T064,A338900
T064,A339000
T064,A339100
T064,A339200
T064,A339300
T064,A339400
T064,A339500
T064,A339600
T064,A339700
T064,A339800
T064,A339900
T064,A340000
T064,A340100
T064,A340200
T064,A340300
T064,A340400
T064,A340500
T064,A340600
T064,A340700
T064,A340800
T064,A340900
T064,A341000
T064,A341100
T064,A341200
T064,A341300
T064,A341400
T065,A341500
T065,A341600
T065,A341700
T065,A341800
T065,A341900
T065,A342000
T066,A342100
T066,A342200
T066,A342300
T066,A342400
T066,A342500
T066,A342600
T066,A342700
T066,A342800
T067,A342900
T067,A343000
T068,A343100
T068,A343200
T068,A343300
T068,A343400
T068,A343500
T068,A343600
T068,A343700
T068,A343800
T068,A343900
T068,A344000
T068,A344100
T068,A344200
T068,A344300
T068,A344400
T068,A344500
T068,A344600
T068,A344700
T069,A344800
T069,A344900
T069,A345000
T069,A345100
T069,A345200
T069,A345300
T069,A345400
T069,A345500
T069,A345600
T069,A345700
T069,A345800
T070,A345900
T070,A346000
T070,A346100
T070,A346200
T070,A346300
T070,A346400
T070,A346500
T070,A346600
T070,A346700
T070,A346800
T070,A346900
T070,A347000
T070,A347100
T070,A347200
T070,A347300
T070,A347400
T070,A347500
T070,A347600
T070,A347700
T070,A347800
T070,A347900
T070,A348000
T070,A348100
T070,A348200
T070,A348300
T070,A348400
T070,A348500
T070,A348600
T070,A348700
T070,A348800
T070,A348900
T071,A349000
T071,A349100
T071,A349200
T071,A349300
T071,A349400
T071,A349500
T071,A349600
T071,A349700
T071,A349800
T071,A349900
T071,A350000
T071,A350100
T071,A350200
T071,A350300
T071,A350400
T071,A350500
T071,A350600
T071,A350700
T071,A350800
T071,A350900
T071,A351000
T071,A351100
T071,A351200
T071,A351300
T071,A351400
T071,A351500
T071,A351600
T071,A351700
T071,A351800
T071,A351900
T071,A352000
T071,A352100
T071,A352200
T071,A352300
T071,A352400
T071,A352500
T071,A352600
T071,A352700
T071,A352800
T071,A352900
T071,A353000
T071,A353100
T071,A353200
T071,A353300
T071,A353400
T071,A353500
T071,A353600
T071,A353700
T071,A353800
T071,A353900
T071,A354000
T071,A354100
T071,A354200
T071,A354300
T071,A354400
T071,A354500
T071,A354600
T071,A354700
T071,A354800
T071,A354900
T071,A355000
T071,A355100
T071,A355200
T071,A355300
T071,A355400
T071,A355500
T071,A355600
T071,A355700
T072,A355800
T072,A355900
T072,A356000
T072,A356100
T072,A356200
T072,A356300
T072,A356400
T072,A356500
T072,A356600
T072,A356700
T072,A356800
T072,A356900
T073,A357000
T073,A357100
T073,A357200
T073,A357300
T073,A357400
T073,A357500
T073,A357600
T073,A357700
T073,A357800
T073,A357900
T073,A358000
T073,A358100
T073,A358200
T073,A358300
T073,A358400
T073,A358500
T073,A358600
T073,A358700
T073,A358800
T073,A358900
T073,A359000
T073,A359100
T073,A359200
T073,A359300
T073,A359400
T073,A359500
T074,A359600
T074,A359700
T074,A359800
T074,A359900
T074,A360000
T074,A360100
T074,A360200
T074,A360300
T074,A360400
T075,A360500
T075,A360600
T075,A360700
T075,A360800
T075,A360900
T075,A361000
T075,A361100
T075,A361200
T075,A361300
T075,A361400
T075,A361500
T075,A361600
T075,A361700
T075,A361800
T075,A361900
T075,A362000
T075,A362100
T075,A362200
T075,A362300
T075,A362400
T075,A362500
T075,A362600
T075,A362700
T075,A362800
T075,A362900
T075,A363000
T075,A363100
T075,A363200
T075,A363300
T999,A363400
T999,A363500
T999,A363600
T999,A363700
T999,A363800
T999,A363900
T999,A400001
T999,A400002
T999,A400003
T999,A400004
T999,A400005
T999,A400006
T999,A400007
T999,A400008
T999,A400009
T999,A400010
T999,A400011
T999,A400012
T999,A400013
T999,A400014
T999,A400015
T999,A400016
RTotal,R01
RTotal,R02
RTotal,R03
RTotal,R04
RTotal,R05
RTotal,R06
RTotal,R07
RTotal,R08
RTotal,R09
RTotal,R12
RTotal,R13
RTotal,R14
RTotal,R15
RTotal,R16
RTotal,R17
RTotal,R18
RTotal,R99
TTotal,T001
TTotal,T002
TTotal,T003
TTotal,T076
TTotal,T011
TTotal,T012
TTotal,T013
TTotal,T015
TTotal,T016
TTotal,T017
TTotal,T018
TTotal,T019
TTotal,T020
TTotal,T021
TTotal,T022
TTotal,T023
TTotal,T024
TTotal,T025
TTotal,T026
TTotal,T027
TTotal,T028
TTotal,T029
TTotal,T030
TTotal,T031
TTotal,T032
TTotal,T033
TTotal,T034
TTotal,T035
TTotal,T036
TTotal,T037
TTotal,T038
TTotal,T039
TTotal,T040
TTotal,T041
TTotal,T042
TTotal,T043
TTotal,T044
TTotal,T045
TTotal,T046
TTotal,T047
TTotal,T048
TTotal,T049
TTotal,T050
TTotal,T051
TTotal,T052
TTotal,T053
TTotal,T054
TTotal,T055
TTotal,T056
TTotal,T057
TTotal,T058
TTotal,T059
TTotal,T060
TTotal,T062
TTotal,T063
TTotal,T064
TTotal,T065
TTotal,T066
TTotal,T067
TTotal,T068
TTotal,T069
TTotal,T070
TTotal,T071
TTotal,T072
TTotal,T073
TTotal,T074
TTotal,T075
TTotal,T999
CTotal,C07601
CTotal,C07602
CTotal,C07603
CTotal,C07604
CTotal,C07605
CTotal,C07606
CTotal,C07607
CTotal,C07608
CTotal,C07609
CTotal,C07610
CTotal,C07611
CTotal,C07612
CTotal,C07613
CTotal,C07614
CTotal,C07615
CTotal,C07616
CTotal,C07617
CTotal,C07618
CTotal,C07619
CTotal,C07620
CTotal,C07621
